{
  "features": [
    "em_per_1k",
    "smart_quotes_per_1k",
    "vocab_per_1k",
    "vocab_distinct",
    "not_just_per_1k",
    "tricolon_per_1k",
    "hedge_per_1k",
    "bridge_per_1k",
    "sentence_cv",
    "type_token_ratio",
    "function_word_ratio",
    "mean_word_length",
    "mean_sentence_length",
    "comma_per_1k",
    "ll_mean_logprob",
    "ll_surprisal_stdev",
    "ll_binoculars"
  ],
  "mean": [
    0.47598845666872547,
    1.2801191694035867,
    0.6976300573740989,
    0.1297614064462118,
    0.11298489798346265,
    1.9536257684224572,
    1.0616242904176603,
    0.02750567588574697,
    0.3954548636607065,
    0.8220462693036968,
    0.4241962478640549,
    4.95031555775908,
    24.645423356770447,
    54.68209639962717,
    -2.306232860474818,
    2.372223107023387,
    0.9286443673460119
  ],
  "std": [
    2.979625473446781,
    7.370169009090964,
    2.3989517689057753,
    0.41009343798513886,
    1.311118827955583,
    4.446695868576221,
    3.983493913891509,
    0.3921911162137804,
    0.19604613388456,
    0.06721327041215734,
    0.07015913556900713,
    0.5475820403493368,
    21.72966640853686,
    31.364956498842766,
    0.8584642495062986,
    0.5599365849720941,
    0.13982863795553516
  ],
  "coef": [
    0.32003718866772657,
    0.0011488449725142581,
    -0.45785931548154507,
    0.643274198156824,
    0.4255661047647528,
    0.5394944537821914,
    0.22291168541881184,
    0.11383146666360688,
    -0.07818516287566595,
    1.2545585262073748,
    0.24587110020173578,
    0.01578006557397852,
    0.29021221851513707,
    -0.2755310445403949,
    0.36225027646218255,
    -2.583289075701188,
    -0.418376480743147
  ],
  "intercept": 0.3402670348118704,
  "impute": {
    "em_per_1k": 0.0,
    "smart_quotes_per_1k": 0.0,
    "vocab_per_1k": 0.0,
    "vocab_distinct": 0.0,
    "not_just_per_1k": 0.0,
    "tricolon_per_1k": 0.0,
    "hedge_per_1k": 0.0,
    "bridge_per_1k": 0.0,
    "sentence_cv": 0.3582374846554792,
    "type_token_ratio": 0.8265765765765766,
    "function_word_ratio": 0.4263157894736842,
    "mean_word_length": 4.942028985507246,
    "mean_sentence_length": 21.6,
    "comma_per_1k": 51.72413793103448,
    "ll_mean_logprob": -2.323030710220337,
    "ll_surprisal_stdev": 2.4278736114501953,
    "ll_binoculars": 0.9442762931123494
  },
  "clip": 6.0,
  "meta": {
    "name": "lr-stylo+likelihood",
    "C": 1.0,
    "seed": 13,
    "n_train": 2389,
    "test_auc": 0.9307,
    "test_auc_heuristic": 0.7341,
    "corpus": [
      "hc3.jsonl",
      "raid.jsonl",
      "generated.jsonl"
    ]
  }
}